frequency,Condition,Animal,Level,Amplitudes,Animal,Level,Amplitudes,Animal,Level,Amplitudes,Animal,Level,Amplitudes,Animal,Level,Amplitudes,Condition,Animal,Level,Amplitudes,Animal,Level,Amplitudes,Animal,Level,Amplitudes,Animal,Level,Amplitudes,Animal,Level,Amplitudes,
11.3,Condition2,51,80.0,1.58,32,80.0,0.51,42,80.0,1.29,52,80.0,1.02,41,80.0,1.21,Condition1,21,80.0,1.4500000000000002,11,80.0,1.3900000000000001,31,80.0,1.45,22,80.0,1.15,12,80.0,1.3,
 , , ,70.0,0.87, ,70.0,0.06, ,70.0,0.78, ,70.0,0.8, ,70.0,0.95, , ,70.0,1.01, ,70.0,0.96, ,70.0,0.8899999999999999, ,70.0,0.91, ,70.0,0.89,
 , , ,60.0,0.76, ,60.0,0.03, ,60.0,0.64, ,60.0,0.69, ,60.0,0.8400000000000001, , ,60.0,0.8300000000000001, ,60.0,0.77, ,60.0,0.5700000000000001, ,60.0,0.8300000000000001, ,60.0,0.76,
 , , ,50.0,0.5900000000000001, ,50.0,0.02, ,50.0,0.48, ,50.0,0.5800000000000001, ,50.0,0.7, , ,50.0,0.8, ,50.0,0.44, ,50.0,0.6699999999999999, ,50.0,0.5800000000000001, ,50.0,0.42000000000000004,
 , , ,40.0,0.45999999999999996, ,40.0,0.27, ,40.0,0.37, ,40.0,0.29000000000000004, ,40.0,0.42000000000000004, , ,40.0,0.42000000000000004, ,40.0,0.38, ,40.0,0.29, ,40.0,0.39, ,40.0,0.32,
 , , ,30.0,0.24000000000000002, ,30.0,0.16, ,30.0,0.16999999999999998, ,30.0,0.19, ,30.0,0.16, , ,30.0,0.23, ,30.0,0.15, ,30.0,0.19, ,30.0,0.29000000000000004, ,30.0,0.17,
 , , ,20.0,0.0, ,20.0,0.0, ,20.0,0.0, ,20.0,0.13, ,20.0,0.0, , ,20.0,0.0, ,20.0,0.0, ,20.0,0.04, ,20.0,0.0, ,20.0,0.0,