frequency,Condition,Animal,Level,Amplitudes,Animal,Level,Amplitudes,Animal,Level,Amplitudes,Animal,Level,Amplitudes,Animal,Level,Amplitudes,Condition,Animal,Level,Amplitudes,Animal,Level,Amplitudes,Animal,Level,Amplitudes,Animal,Level,Amplitudes,Animal,Level,Amplitudes,
16.0,Condition2,51,80.0,1.8599999999999999,32,80.0,1.17,42,80.0,1.67,52,80.0,1.37,41,80.0,1.63,Condition1,21,80.0,2.1399999999999997,11,80.0,1.15,31,80.0,1.2799999999999998,22,80.0,1.69,12,80.0,0.9299999999999999,
 , , ,70.0,1.2200000000000002, ,70.0,0.78, ,70.0,1.13, ,70.0,0.9500000000000001, ,70.0,1.1800000000000002, , ,70.0,1.4100000000000001, ,70.0,0.79, ,70.0,1.01, ,70.0,1.03, ,70.0,0.64,
 , , ,60.0,0.8, ,60.0,0.49, ,60.0,0.66, ,60.0,0.76, ,60.0,0.8500000000000001, , ,60.0,0.9299999999999999, ,60.0,0.6599999999999999, ,60.0,0.65, ,60.0,0.61, ,60.0,0.48,
 , , ,50.0,0.53, ,50.0,0.31, ,50.0,0.55, ,50.0,0.51, ,50.0,0.49, , ,50.0,0.76, ,50.0,0.48, ,50.0,0.36, ,50.0,0.56, ,50.0,0.18,
 , , ,40.0,0.38, ,40.0,0.2, ,40.0,0.32, ,40.0,0.30000000000000004, ,40.0,0.35, , ,40.0,0.41000000000000003, ,40.0,0.24, ,40.0,0.26, ,40.0,0.4, ,40.0,0.12,
 , , ,30.0,0.17, ,30.0,0.0, ,30.0,0.24, ,30.0,0.23, ,30.0,0.22, , ,30.0,0.33999999999999997, ,30.0,0.0, ,30.0,0.0, ,30.0,0.25, ,30.0,0.0,
 , , ,20.0,0.0, ,20.0,0.0, ,20.0,0.08, ,20.0,0.16, ,20.0,0.0, , ,20.0,0.14, ,20.0,0.0, ,20.0,0.0, ,20.0,0.1, ,20.0,0.0,