frequency,Condition,Animal,Level,Amplitudes,Animal,Level,Amplitudes,Animal,Level,Amplitudes,Animal,Level,Amplitudes,Animal,Level,Amplitudes,Condition,Animal,Level,Amplitudes,Animal,Level,Amplitudes,Animal,Level,Amplitudes,Animal,Level,Amplitudes,Animal,Level,Amplitudes,
22.6,Condition2,51,80.0,1.25,32,80.0,0.89,42,80.0,1.0899999999999999,52,80.0,0.94,41,80.0,1.03,Condition1,21,80.0,1.31,11,80.0,1.0,31,80.0,1.1800000000000002,22,80.0,0.98,12,80.0,0.78,
 , , ,70.0,0.78, ,70.0,0.63, ,70.0,0.6599999999999999, ,70.0,0.61, ,70.0,0.77, , ,70.0,0.79, ,70.0,0.71, ,70.0,0.8799999999999999, ,70.0,0.66, ,70.0,0.6000000000000001,
 , , ,60.0,0.73, ,60.0,0.46, ,60.0,0.38, ,60.0,0.49, ,60.0,0.45999999999999996, , ,60.0,0.64, ,60.0,0.5, ,60.0,0.63, ,60.0,0.52, ,60.0,0.4,
 , , ,50.0,0.31, ,50.0,0.31, ,50.0,0.23, ,50.0,0.35, ,50.0,0.37, , ,50.0,0.32, ,50.0,0.35, ,50.0,0.35, ,50.0,0.4, ,50.0,0.29000000000000004,
 , , ,40.0,0.23, ,40.0,0.12, ,40.0,0.1, ,40.0,0.18, ,40.0,0.24, , ,40.0,0.3, ,40.0,0.0, ,40.0,0.12000000000000001, ,40.0,0.35, ,40.0,0.0,
 , , ,30.0,0.04, ,30.0,0.16999999999999998, ,30.0,0.0, ,30.0,0.16, ,30.0,0.11, , ,30.0,0.15, ,30.0,0.0, ,30.0,0.0, ,30.0,0.0, ,30.0,0.0,
 , , ,20.0,0.0, ,20.0,0.0, ,20.0,0.0, ,20.0,0.0, ,20.0,0.0, , ,20.0,0.0, ,20.0,0.0, ,20.0,0.0, ,20.0,0.0, ,20.0,0.0,