frequency,Condition,Animal,Level,Amplitudes,Animal,Level,Amplitudes,Animal,Level,Amplitudes,Animal,Level,Amplitudes,Animal,Level,Amplitudes,Condition,Animal,Level,Amplitudes,Animal,Level,Amplitudes,Animal,Level,Amplitudes,Animal,Level,Amplitudes,Animal,Level,Amplitudes,
32.0,Condition2,51,80.0,0.8500000000000001,32,80.0,0.7,42,80.0,0.62,52,80.0,0.77,41,80.0,0.53,Condition1,21,80.0,0.88,11,80.0,0.56,31,80.0,0.49,22,80.0,0.69,12,80.0,0.6,
 , , ,70.0,0.62, ,70.0,0.45, ,70.0,0.39, ,70.0,0.45999999999999996, ,70.0,0.33, , ,70.0,0.51, ,70.0,0.4, ,70.0,0.52, ,70.0,0.69, ,70.0,0.37,
 , , ,60.0,0.54, ,60.0,0.33999999999999997, ,60.0,0.29, ,60.0,0.3, ,60.0,0.45999999999999996, , ,60.0,0.45999999999999996, ,60.0,0.16, ,60.0,0.39, ,60.0,0.5, ,60.0,0.25,
 , , ,50.0,0.23, ,50.0,0.22000000000000003, ,50.0,0.26, ,50.0,0.19, ,50.0,0.28, , ,50.0,0.39, ,50.0,0.21000000000000002, ,50.0,0.27, ,50.0,0.29000000000000004, ,50.0,0.19,
 , , ,40.0,0.15000000000000002, ,40.0,0.18, ,40.0,0.1, ,40.0,0.12, ,40.0,0.14, , ,40.0,0.11000000000000001, ,40.0,0.0, ,40.0,0.0, ,40.0,0.14, ,40.0,0.15000000000000002,
 , , ,30.0,0.16, ,30.0,0.0, ,30.0,0.0, ,30.0,0.0, ,30.0,0.0, , ,30.0,0.0, ,30.0,0.0, ,30.0,0.0, ,30.0,0.0, ,30.0,0.0,
 , , ,20.0,0.0, ,20.0,0.0, ,20.0,0.0, ,20.0,0.0, ,20.0,0.0, , ,20.0,0.0, ,20.0,0.0, ,20.0,0.0, ,20.0,0.0, ,20.0,0.0,