frequency,Condition,Animal,Level,Amplitudes,Animal,Level,Amplitudes,Animal,Level,Amplitudes,Animal,Level,Amplitudes,Animal,Level,Amplitudes,Condition,Animal,Level,Amplitudes,Animal,Level,Amplitudes,Animal,Level,Amplitudes,Animal,Level,Amplitudes,Animal,Level,Amplitudes,
45.2,Condition2,51,80.0,0.2,32,80.0,0.19,42,80.0,0.26,52,80.0,0.31000000000000005,41,80.0,0.49,Condition1,21,80.0,0.4,11,80.0,0.18000000000000002,31,80.0,0.07,22,80.0,0.21000000000000002,12,80.0,0.22999999999999998,
 , , ,70.0,0.0, ,70.0,0.06999999999999999, ,70.0,0.15, ,70.0,0.26, ,70.0,0.31, , ,70.0,0.21000000000000002, ,70.0,0.14, ,70.0,0.0, ,70.0,0.21000000000000002, ,70.0,0.19,
 , , ,60.0,0.0, ,60.0,0.0, ,60.0,0.0, ,60.0,0.08, ,60.0,0.22, , ,60.0,0.19, ,60.0,0.0, ,60.0,0.0, ,60.0,0.0, ,60.0,0.0,
 , , ,50.0,0.0, ,50.0,0.0, ,50.0,0.0, ,50.0,0.0, ,50.0,0.19, , ,50.0,0.0, ,50.0,0.0, ,50.0,0.0, ,50.0,0.0, ,50.0,0.0,
 , , ,40.0,0.0, ,40.0,0.0, ,40.0,0.0, ,40.0,0.0, ,40.0,0.0, , ,40.0,0.0, ,40.0,0.0, ,40.0,0.0, ,40.0,0.0, ,40.0,0.0,
 , , ,30.0,0.0, ,30.0,0.0, ,30.0,0.0, ,30.0,0.0, ,30.0,0.0, , ,30.0,0.0, ,30.0,0.0, ,30.0,0.0, ,30.0,0.0, ,30.0,0.0,
 , , ,20.0,0.0, ,20.0,0.0, ,20.0,0.0, ,20.0,0.0, ,20.0,0.0, , ,20.0,0.0, ,20.0,0.0, ,20.0,0.0, ,20.0,0.0, ,20.0,0.0,