frequency,Condition,Animal,Level,Amplitudes,Animal,Level,Amplitudes,Animal,Level,Amplitudes,Animal,Level,Amplitudes,Animal,Level,Amplitudes,Condition,Animal,Level,Amplitudes,Animal,Level,Amplitudes,Animal,Level,Amplitudes,Animal,Level,Amplitudes,
5.66,Condition2,51,80.0,0.29000000000000004,32,80.0,0.16999999999999998,42,80.0,0.24000000000000002,52,80.0,0.19,41,80.0,0.35,Condition1,21,80.0,0.38,11,80.0,0.35,22,80.0,0.36,12,80.0,0.22999999999999998,
 , , ,70.0,0.25, ,70.0,0.36, ,70.0,0.21000000000000002, ,70.0,0.19, ,70.0,0.22999999999999998, , ,70.0,0.30000000000000004, ,70.0,0.27, ,70.0,0.18, ,70.0,0.3,
 , , ,60.0,0.31000000000000005, ,60.0,0.15000000000000002, ,60.0,0.2, ,60.0,0.16, ,60.0,0.27, , ,60.0,0.26, ,60.0,0.29000000000000004, ,60.0,0.0, ,60.0,0.16999999999999998,
 , , ,50.0,0.2, ,50.0,0.13, ,50.0,0.11, ,50.0,0.0, ,50.0,0.28, , ,50.0,0.18, ,50.0,0.1, ,50.0,0.0, ,50.0,0.12,
 , , ,40.0,0.0, ,40.0,0.0, ,40.0,0.0, ,40.0,0.0, ,40.0,0.0, , ,40.0,0.0, ,40.0,0.0, ,40.0,0.0, ,40.0,0.16,
 , , ,30.0,0.0, ,30.0,0.0, ,30.0,0.0, ,30.0,0.0, ,30.0,0.0, , ,30.0,0.0, ,30.0,0.0, ,30.0,0.0, ,30.0,0.0,
 , , ,20.0,0.0, ,20.0,0.0, ,20.0,0.0, ,20.0,0.0, ,20.0,0.0, , ,20.0,0.0, ,20.0,0.0, ,20.0,0.0, ,20.0,0.0,