frequency,Condition,Animal,Level,Amplitudes,Animal,Level,Amplitudes,Animal,Level,Amplitudes,Animal,Level,Amplitudes,Animal,Level,Amplitudes,Condition,Animal,Level,Amplitudes,Animal,Level,Amplitudes,Animal,Level,Amplitudes,Animal,Level,Amplitudes,Animal,Level,Amplitudes,
8.0,Condition2,51,80.0,0.62,32,80.0,0.6,42,80.0,0.73,52,80.0,0.53,41,80.0,0.77,Condition1,21,80.0,0.8,11,80.0,0.8200000000000001,31,80.0,0.88,22,80.0,0.7,12,80.0,0.94,
 , , ,70.0,0.45, ,70.0,0.45999999999999996, ,70.0,0.5, ,70.0,0.5, ,70.0,0.5900000000000001, , ,70.0,0.6499999999999999, ,70.0,0.65, ,70.0,0.6799999999999999, ,70.0,0.37, ,70.0,0.54,
 , , ,60.0,0.5, ,60.0,0.22, ,60.0,0.31, ,60.0,0.32, ,60.0,0.43, , ,60.0,0.48, ,60.0,0.44, ,60.0,0.41000000000000003, ,60.0,0.33, ,60.0,0.44,
 , , ,50.0,0.22, ,50.0,0.33999999999999997, ,50.0,0.31000000000000005, ,50.0,0.22999999999999998, ,50.0,0.38, , ,50.0,0.27, ,50.0,0.29000000000000004, ,50.0,0.32999999999999996, ,50.0,0.32999999999999996, ,50.0,0.29000000000000004,
 , , ,40.0,0.22, ,40.0,0.08, ,40.0,0.19, ,40.0,0.24, ,40.0,0.26, , ,40.0,0.16999999999999998, ,40.0,0.09000000000000001, ,40.0,0.13, ,40.0,0.21000000000000002, ,40.0,0.26,
 , , ,30.0,0.0, ,30.0,0.0, ,30.0,0.0, ,30.0,0.09, ,30.0,0.0, , ,30.0,0.0, ,30.0,0.0, ,30.0,0.0, ,30.0,0.0, ,30.0,0.13,
 , , ,20.0,0.0, ,20.0,0.0, ,20.0,0.0, ,20.0,0.0, ,20.0,0.0, , ,20.0,0.0, ,20.0,0.0, ,20.0,0.0, ,20.0,0.0, ,20.0,0.0,